<beans xmlns="http://www.springframework.org/schema/beans"
    xmlns:batch="http://www.springframework.org/schema/batch" xmlns:xsi="http://www.w3.org/2001/XMLSchema-instance"
    xsi:schemaLocation="http://www.springframework.org/schema/batch http://www.springframework.org/schema/batch/spring-batch.xsd
        http://www.springframework.org/schema/beans http://www.springframework.org/schema/beans/spring-beans.xsd">
 
    <import resource="classpath:datasource.xml"/>
     <import resource="classpath:context.xml"/>
 
    
 
    <!-- ItemReader which reads data from XML file -->
    <bean id="xmlItemReader" class="org.springframework.batch.item.xml.StaxEventItemReader">
 
        <property name="resource" value="classpath:examResult.xml" />
 
        <property name="fragmentRootElementName" value="ExamResult" />
 
        <property name="unmarshaller">
            <bean class="org.springframework.oxm.jaxb.Jaxb2Marshaller">
                <property name="classesToBeBound">
                    <list>
                        <value>com.pmc.gti.notification.bo.ExamResult</value>
                    </list>
                </property>
            </bean>
        </property>
    </bean>
 
    <!-- ItemWriter which writes data to database -->
    <bean id="databaseItemWriter" class="org.springframework.batch.item.database.JdbcBatchItemWriter">
        <property name="dataSource" ref="dataSource" />
        <property name="sql">
            <value>
                <![CDATA[        
                    insert into EXAM_RESULT(STUDENT_NAME, DOB, PERCENTAGE) 
                    values (?, ?, ?)
                ]]>
            </value>
        </property>
 
        <!-- We need a custom setter to handle the conversion between Jodatime LocalDate and MySQL DATE -->
        <property name="ItemPreparedStatementSetter"> <bean class="com.pmc.gti.notification.utilities.ExamResultItemPreparedStatementSetter" />
        </property>
  </bean>
 
    <!-- Optional ItemProcessor to perform business logic/filtering on the input records -->
    <bean id="itemProcessor" class="com.pmc.gti.notification.processor.ExamResultItemProcessor" />
 
    <!-- Optional JobExecutionListener to perform business logic before and after the job -->
    <bean id="jobListener" class="com.pmc.gti.notification.listner.ExamResultJobListener" />
 
    <!-- Step will need a transaction manager -->
    <bean id="transactionManager" class="org.springframework.batch.support.transaction.ResourcelessTransactionManager" />
 
    <!-- Actual Job -->
    <batch:job id="examResultJob">
        <batch:step id="step1">
            <batch:tasklet transaction-manager="transactionManager">
                <batch:chunk reader="xmlItemReader" writer="databaseItemWriter"
                    processor="itemProcessor" commit-interval="10" />
            </batch:tasklet>
        </batch:step>
        <batch:listeners>
            <batch:listener ref="jobListener" />
        </batch:listeners>
    </batch:job>
 
</beans>          