<beans xmlns="http://www.springframework.org/schema/beans"
    xmlns:batch="http://www.springframework.org/schema/batch" xmlns:xsi="http://www.w3.org/2001/XMLSchema-instance"
    xsi:schemaLocation="http://www.springframework.org/schema/batch http://www.springframework.org/schema/batch/spring-batch.xsd
        http://www.springframework.org/schema/beans http://www.springframework.org/schema/beans/spring-beans.xsd">
 
    <import resource="classpath:datasource.xml"/>
    <import resource="classpath:context.xml"/>  
    <bean id="notificationGroup" class="com.pmc.gti.notification.bo.NotificationGroup" scope="prototype" /> 
    
   
 
  <bean id="cvsFileItemReader" class="org.springframework.batch.item.file.FlatFileItemReader">
 
	<!-- Read a csv file -->
	<property name="resource" value="classpath:sample-data.csv" />
 
	<property name="lineMapper">
		<bean class="org.springframework.batch.item.file.mapping.DefaultLineMapper">
		  <!-- split it -->
		  <property name="lineTokenizer">
				<bean class="org.springframework.batch.item.file.transform.DelimitedLineTokenizer">
					<property name="names" value="groupId,groupName" />
				</bean>
		  </property>
		  <property name="fieldSetMapper">   
		         <!-- return back to reader, rather than a mapped object. -->
		         <!--
			 <bean class="org.springframework.batch.item.file.mapping.PassThroughFieldSetMapper" />
		          --> 
			  <!-- map to an object -->
			  <bean class="org.springframework.batch.item.file.mapping.BeanWrapperFieldSetMapper">
				<property name="prototypeBeanName" value="notificationGroup" />
			  </bean>			
		  </property>
 
		  </bean>
	  </property>
 
  </bean>
 
  <bean id="mysqlItemWriter"
	class="org.springframework.batch.item.database.JdbcBatchItemWriter">
		<property name="dataSource" ref="dataSource" />
		<property name="sql">
		  <value>
	            <![CDATA[        
	            	insert into notification_group (group_id, group_name) 
					values (:groupId, :groupName)
	            ]]>
		  </value>
		</property>
		<!-- It will take care matching between object property and sql name parameter -->
		<property name="itemSqlParameterSourceProvider">
			<bean
			class="org.springframework.batch.item.database.BeanPropertyItemSqlParameterSourceProvider" />
		</property>
  	</bean>
   
 
    <!-- Optional ItemProcessor to perform business logic/filtering on the input records -->
    <bean id="itemProcessor" class="com.pmc.gti.notification.processor.NotificationGroupProcessor" />
 
    <!-- Optional JobExecutionListener to perform business logic before and after the job -->
    <bean id="jobListener" class="com.pmc.gti.notification.listner.NotificationGroupJobListener" />
 
    <!-- Step will need a transaction manager -->
    <bean id="transactionManager" class="org.springframework.batch.support.transaction.ResourcelessTransactionManager" />
 
    <!-- Actual Job -->
     
    <batch:job id="notificationGroupJob">
        <batch:step id="step1">
            <batch:tasklet transaction-manager="transactionManager">
                <batch:chunk reader="cvsFileItemReader" writer="mysqlItemWriter" processor="itemProcessor" commit-interval="10" />
            </batch:tasklet>
        </batch:step>
        <batch:listeners>
            <batch:listener ref="jobListener" />
        </batch:listeners>
    </batch:job>
 
</beans>          